district,state,district_num,dem_candidate,rep_candidate,total_spending,spending_for,spending_against,dem_support,dem_oppose,rep_support,rep_oppose,net_dem_advantage,num_transactions,top_spenders
CO-08,CO,08,"CARAVEO, YADIRA","EVANS, TIMOTHY GABRIEL JOSEPH",24636157.339999992,7479441.359999999,17156715.979999993,6059989.920000001,4581441.9399999995,1419451.4400000002,12575274.039999995,12634370.579999998,355,"HMP: $7,140,488 | DCCC: $3,220,765 | NRCC: $2,983,044"
NY-19,NY,19,"RILEY, JOSH","MOLINARO, MARCUS J.",23223441.870000005,7588669.710000001,15634772.160000004,5915521.899999999,3241112.9299999992,1673147.8099999998,12393659.23,13394920.39,284,"HMP: $7,967,267 | DCCC: $3,847,018 | Project 218: $2,889,510"
ME-02,ME,02,"GOLDEN, JARED","THERIAULT, AUSTIN LEO",23151804.419999994,2295183.9099999997,20856620.509999994,1605474.24,6475437.399999999,689709.6699999999,14381183.110000001,8821510.280000001,397,"HMP: $10,943,689 | DCCC: $3,287,894 | RESTORATION PAC: $3,126,919"
WA-03,WA,03,"GLUESENKAMP PEREZ, MARIE","LEWALLEN, LESLIE",22893138.839999996,3421086.630000001,19472052.209999997,2131912.0600000005,5856991.5600000005,1289174.57,13615060.650000002,8600806.580000002,167,"HMP: $6,575,509 | NRCC: $5,856,992 | DCCC: $5,654,739"
OR-05,OR,05,"BYNUM, JANELLE","CHAVEZ-DEREMER, LORI",22353446.150000002,7712118.829999997,14641327.320000006,4553241.3599999985,2928805.59,2787537.1599999997,11712521.730000002,10549420.34,214,"DCCC: $6,765,882 | HMP: $4,864,409 | 314 Action Fund: $2,457,753"
AZ-01,AZ,01,"SHAH, AMISH DR.","SCHWEIKERT, DAVID S.",22217273.080000013,6043642.870000014,16173630.21,5180473.010000015,2509302.7099999995,863169.86,13664327.5,15472327.940000013,1024,"HMP: $8,896,565 | DCCC: $5,324,662 | NRCC: $1,024,084"
CA-13,CA,13,"GRAY, ADAM C.","DUARTE, JOHN",22101457.959999997,2656912.6200000006,19444545.339999996,1784967.3500000003,3852501.3500000006,871945.27,15592043.989999998,12652564.719999999,269,"HMP: $9,245,447 | DCCC: $7,024,282 | NRCC: $3,806,420"
NC-01,NC,01,"DAVIS, DON","BUCKHOUT, LAURIE",22007182.63,5620312.919999999,16386869.709999999,5174244.719999999,1478976.6600000001,446068.2,14907893.049999999,18157092.909999996,195,"HMP: $9,227,587 | DCCC: $4,873,363 | Fairshake: $2,200,851"
CA-45,CA,45,"TRAN, DEREK","STEEL, MICHELLE",21986450.419999987,9115295.83999999,12871154.579999994,5059651.50999999,445372.23000000056,4055644.33,12425782.35,12984417.299999991,541,"HMP: $9,892,369 | DCCC: $3,095,082 | Fairshake: $2,791,716"
MI-07,MI,07,"HERTEL, CURTIS JR.","BARRETT, THOMAS MORE",21654750.430000007,2367369.9100000006,19287380.520000007,1274853.4499999995,2579786.62,1092516.46,16707593.900000006,14310144.270000005,233,"HMP: $10,191,741 | DCCC: $4,439,036 | NRCC: $2,380,912"
AK-00,AK,00,"PELTOLA, MARY","BEGICH, NICHOLAS III",21344461.359999992,5276084.18,16068377.179999994,3495496.2800000003,5014418.449999999,1780587.9000000008,11053958.729999999,7754448.659999998,243,"Vote Alaska Before Party: $9,199,936 | CLUB FOR GROWTH ACTION: $2,296,319 | NRCC: $2,039,789"
NY-16,NY,16,"LATIMER, GEORGE",N/A,20847190.60000001,7608453.290000002,13238737.310000006,7608453.290000002,13238737.310000006,0,0,-5630284.020000004,142,"UNITED DEMOCRACY PROJECT (UDP): $14,632,379 | Fairshake: $2,078,023 | Justice Democrats PAC: $1,337,586"
CA-27,CA,27,"WHITESIDES, GEORGE","GARCIA, MICHAEL",20693222.869999997,6852468.099999999,13840754.77,4510700.939999998,2434845.27,2341767.16,11405909.5,11139998.009999998,193,"HMP: $11,793,269 | NRCC: $2,285,225 | LCV Victory Fund: $1,638,627"
PA-07,PA,07,"ALTMAN, SUSAN COPIUS","MACKENZIE, RYAN EDWARD",20207872.819999993,5628596.280000001,14579276.539999994,5054717.200000001,1497106.77,573879.0800000001,13082169.769999996,16065901.12,304,"HMP: $9,707,678 | Project 218: $2,137,100 | DCCC: $1,684,970"
NY-03,NY,03,"SUOZZI, THOMAS","PILIP, MAZI MELESA",19516797.10000001,5786997.140000002,13729799.960000006,5170227.5,2957709.58,616769.6400000001,10772090.380000003,12367838.660000002,287,"HMP: $7,279,690 | DCCC: $4,403,218 | Secure NYS PAC: $1,484,640"
AZ-06,AZ,06,"ENGEL, KIRSTEN","CISCOMANI, JUAN",17612343.740000002,6059300.710000004,11553043.03,3394360.790000003,873793.78,2664939.9200000004,10679249.249999998,10534876.34,1003,"HMP: $5,051,605 | DCCC: $3,492,386 | LCV Victory Fund: $2,007,687"
CA-22,CA,22,"SALAS, RUDY","VALADAO, DAVID",17334367.84,6724272.259999999,10610095.58,3623067.5200000005,1866704.4400000002,3101204.74,8743391.14,7398549.4799999995,294,"HMP: $7,361,232 | DCCC: $3,816,798 | Fairshake: $1,306,863"
NE-02,NE,02,"VARGAS, ANTHONY 'TONY'","BACON, DONALD J",17174822.729999997,4989531.09,12185291.639999997,1446475.33,3532130.5999999996,3543055.76,8653161.04,3024450.01,938,"BIG RED LEADERSHIP PAC: $3,678,246 | HMP: $3,660,362 | DCCC: $3,350,937"
PA-08,PA,08,"CARTWRIGHT, MATTHEW A.","BRESNAHAN, ROB",16609079.77,1614497.1300000001,14994582.639999999,860574.2300000001,1592840.3499999999,753922.9,13401742.29,11915553.27,233,"HMP: $8,938,523 | DCCC: $4,177,347 | NRCC: $1,482,866"
MO-01,MO,01,"BUSH, CORI",N/A,15618831.059999999,7620462.8599999985,7998368.199999999,7620462.8599999985,7998368.199999999,0,0,-377905.3400000008,200,"UNITED DEMOCRACY PROJECT (UDP): $8,598,539 | Justice Democrats PAC: $2,008,043 | Mainstream Democrats PAC: $1,500,335"
NM-02,NM,02,"VASQUEZ, GABRIEL","HERRELL, STELLA YVETTE",14894616.32,1332949.1499999997,13561667.17,601722.8699999999,3133159.6899999995,731226.2800000003,10428507.480000002,7165844.380000002,391,"DCCC: $5,068,901 | HMP: $3,226,153 | NRCC: $2,509,146"
CA-47,CA,47,"MIN, DAVE","BAUGH, SCOTT",14573094.419999996,5814210.499999996,8758883.92,5290442.569999995,8095051.0,523767.92999999993,663832.92,-2664543.440000005,274,"UNITED DEMOCRACY PROJECT (UDP): $4,719,828 | CLUB FOR GROWTH ACTION: $2,105,431 | LCV Victory Fund: $1,409,942"
OH-09,OH,09,"KAPTUR, MARCY HON. M.C.","MERRIN, DEREK",14459674.12000001,1955667.7799999998,12504006.340000011,1050903.6999999997,2811237.35,904764.0800000001,9692768.990000004,7027671.2600000035,314,"DCCC: $4,333,442 | HMP: $3,562,540 | NRCC: $2,033,273"
VA-07,VA,07,"VINDMAN, YEVGENY 'EUGENE'","TODD, TERRIS EUGENE",14366929.889999999,6825211.449999998,7541718.44,2841349.2600000026,1788392.32,3983862.190000001,5753326.12,2822420.870000002,467,"HMP: $5,217,942 | American Patriots PAC: $3,099,012 | LCV Victory Fund: $1,445,396"
OH-13,OH,13,"SYKES, EMILIA","COUGHLIN, KEVIN",14292120.270000003,2306082.95,11986037.320000004,1547218.8,1733590.8900000001,758864.15,10252446.430000003,9307210.190000005,201,"DCCC: $4,209,211 | HMP: $4,114,424 | NRCC: $1,516,476"
NY-04,NY,04,"GILLEN, LAURA","DESPOSITO, ANTHONY P",13996674.260000004,359661.50999999995,13637012.750000004,191295.37,0,168366.13999999998,13637012.750000004,13659941.980000002,231,"HMP: $8,350,541 | DCCC: $4,830,885 | LCV Victory Fund: $150,494"
NY-17,NY,17,"JONES, MONDAIRE","LAWLER, MICHAEL VINCENT",13542075.04,5452086.319999998,8089988.72,3904873.97,104097.95,1547212.35,7985890.77,10239454.44,169,"HMP: $6,232,768 | DCCC: $1,827,709 | Battleground New York: $1,416,142"
CA-41,CA,41,"ROLLINS, WILL","CALVERT, KEN",13540886.760000004,1280502.47,12260384.290000003,1060916.9999999998,3237933.74,219585.47,9022450.55,6625848.34,146,"HMP: $6,628,482 | Congressional Leadership Fund: $1,834,149 | Americans 4 Security PAC: $1,103,850"
PA-10,PA,10,"STELSON, JANELLE","PERRY, SCOTT",13108656.180000009,1836450.0100000014,11272206.170000007,884520.0000000001,4199922.1099999985,951930.01,7072284.06,2804951.9400000013,452,"HMP: $2,962,575 | WIN IT BACK PAC: $2,791,392 | DCCC: $2,287,972"
MI-10,MI,10,"MARLINGA, CARL J.","JAMES, JOHN",13090388.639999999,3838418.77,9251969.87,3068744.8899999997,287279.75,769673.8800000001,8964690.12,10976481.379999997,172,"HMP: $8,099,919 | YOUR COMMUNITY PAC: $1,399,994 | CFFE PAC: $1,077,450"
IA-01,IA,01,"BOHANNAN, CHRISTINA","MILLER-MEEKS, MARIANNETTE JANE",12723757.36,3118456.669999999,9605300.690000001,751348.33,1185981.9,2367108.339999999,8419318.790000001,5617576.880000003,160,"HMP: $5,195,020 | DCCC: $3,308,795 | WFW ACTION FUND INC: $972,500"
IA-03,IA,03,"BACCAM, LANON","NUNN, ZACH",12347379.020000003,3299186.22,9048192.800000003,1047431.98,1526020.0,2251754.2399999998,7522172.800000002,4791830.540000001,188,"DCCC: $2,880,730 | HMP: $2,291,212 | LCV Victory Fund: $1,137,900"
NY-22,NY,22,"MANNION, JOHN W","WILLIAMS, BRANDON MCDONALD",10973547.930000002,3968731.5400000005,7004816.3900000015,3883650.0700000003,1400747.6,85081.47,5604068.79,8001889.789999999,217,"HMP: $3,358,244 | DCCC: $1,642,989 | NRCC: $1,380,748"
WI-03,WI,03,"COOKE, REBECCA","VAN ORDEN, DERRICK F. MR.",10710744.41,2788752.2499999995,7921992.160000001,2613732.1199999996,742800.0,175020.13,7179192.160000001,8875104.15,127,"HMP: $3,716,582 | Project 218: $1,138,050 | VoteVets: $1,057,822"
MI-08,MI,08,"MCDONALD RIVET, KRISTEN","JUNGE, PAUL",10659581.829999998,1946026.1599999997,8713555.669999998,1241971.54,1211964.18,38364.619999999995,7501591.489999999,7493234.2299999995,183,"HMP: $6,135,209 | NRCC: $1,117,574 | WFW ACTION FUND INC: $761,860"
MO-03,MO,03,N/A,"SCHAEFER, KURT",9220669.59,4180924.0700000008,5039745.519999999,0,0,4180924.0700000008,5039745.519999999,858821.4499999979,177,"MISSOURI CONSERVATIVES FOR CONGRESS PAC: $1,567,971 | NATIONAL INTEREST ACTION INC: $1,285,555 | CLUB FOR GROWTH ACTION: $1,248,619"
SC-01,SC,01,"DEFORD, WILLIAM MCADOO MAC","MACE, NANCY",8113118.759999999,2858533.54,5254585.219999999,52880.53,0,2805653.01,5254585.219999999,2501812.7399999993,177,"SOUTH CAROLINA PATRIOTS PAC: $3,815,643 | WIN IT BACK PAC: $1,502,690 | CLUB FOR GROWTH ACTION: $1,016,207"
VA-02,VA,02,"COTTER SMASAL, MISSY","KIGGANS, JENNIFER",7383592.320000001,1823330.8100000008,5560261.510000001,915276.59,592000.0,908054.2200000003,4968261.510000001,4383483.880000001,192,"HMP: $4,328,856 | LCV Victory Fund: $713,978 | STRATEGIC MAJORITY PAC: $592,000"
CA-16,CA,16,"LOW, EVAN",N/A,7054675.949999999,6110540.679999999,944135.27,6110540.679999999,944135.27,0,0,5166405.409999998,120,"NEIGHBORS FOR RESULTS: $2,815,348 | Next Generation Veteran Fund: $1,967,036 | Equality PAC: $628,080"
MT-00,MT,00,"TRANEL, MONICA","ZINKE, RYAN K",6865367.820000002,1352453.9100000018,5512913.91,458059.45999999996,189500.0,894394.45,5323413.91,4697578.92,655,"HMP: $4,879,150 | DEFEND AMERICAN JOBS: $509,959 | YOUR COMMUNITY PAC: $424,664"
NY-18,NY,18,"RYAN, PATRICK","ESPOSITO, ALISON",6115371.310000001,3039876.1300000018,3075495.1799999997,2406406.500000001,70971.05,633469.63,3004524.13,4706489.950000001,127,"Fairshake: $1,987,660 | HMP: $1,205,836 | VoteVets: $869,012"
VA-05,VA,05,"WITT, GLORIA TINSLEY","GOOD, ROBERT G. HON.",6023366.1899999995,2427395.5199999996,3595970.67,272.5,0,2427123.0199999996,3595970.67,1169120.1500000004,168,"American Patriots PAC: $2,719,597 | CONSERVATIVE OUTSIDER PAC INC: $1,181,218 | Protect Freedom Political Action Committee: $788,378"
TX-34,TX,34,"GONZALEZ, VICENTE","FLORES, MAYRA NOHEMI",5490905.529999999,1350181.82,4140723.7099999995,1336277.1199999999,1358604.16,13904.7,2782119.55,2745887.81,116,"HMP: $2,197,085 | NRCC: $1,345,604 | National Association of Realtors Congressional Fund: $966,989"
TX-23,TX,23,N/A,"HERRERA, BRANDON",5412032.549999999,1550128.1999999993,3861904.3499999996,0,0,1550128.1999999993,3861904.3499999996,2311776.1500000004,139,"UNITED DEMOCRACY PROJECT (UDP): $2,060,410 | Hispanic Leadership Alliance: $1,696,545 | ELECT PRINCIPLED VETERANS FUND (EPV FUND): $434,209"
NJ-07,NJ,07,"ALTMAN, SUSAN COPIUS","KEAN, THOMAS H. JR.",5021176.6099999985,1827306.8099999996,3193869.799999999,1519809.5,196813.63999999996,307497.31,2997056.1599999997,4012554.71,96,"HMP: $3,540,286 | WORKING FAMILIES PARTY PAC: $522,816 | JERSEY REAL: $449,964"
VA-10,VA,10,"HELMER, DANIEL",N/A,4942729.490000001,4929056.090000001,13673.4,4929056.090000001,13673.4,0,0,4915382.69,51,"Protect Progress: $4,061,538 | THE IMPACT FUND: $584,469 | WITH HONOR FUND II, INC.: $165,409"
MD-03,MD,03,"ELFRETH, SARAH KELLY",N/A,4462784.27,4462784.27,0,4462784.27,0,0,0,4462784.27,48,"UNITED DEMOCRACY PROJECT (UDP): $4,218,074 | Pro-Choice Majority 2024: $175,000 | AAPI Victory Fund: $52,618"
AZ-08,AZ,08,N/A,"MASTERS, BLAKE",4366760.75,3489979.92,876780.8300000001,0,0,3489979.92,876780.8300000001,-2613199.09,134,"NATIONAL INTEREST ACTION INC: $1,310,250 | ARIZONA'S BOLD ERA PAC (ABE PAC): $856,358 | RIGHT ARIZONA: $656,138"
NY-01,NY,01,"AVLON, JOHN","NICK, LALOTA",4304125.3,2788837.03,1515288.27,2661007.03,100012.59,127830.0,1415275.68,3848440.12,69,"WelcomePAC: $3,731,272 | 314 Action Fund: $192,266 | EDF Action Votes: $151,276"
AZ-03,AZ,03,"GALLEGO, RUBEN",N/A,4102732.9600000037,3984070.8200000036,118662.14,3984070.8200000036,118662.14,0,0,3865408.6800000034,912,"Protect Progress: $1,367,647 | Worker Power PAC: $844,895 | Mainstream Democrats PAC: $588,438"
OK-04,OK,04,N/A,"COLE, TOM",3834993.98,250490.38,3584503.6,0,0,250490.38,3584503.6,3334013.22,28,"Americans 4 Security PAC: $3,590,376 | DEFEND AMERICAN JOBS: $212,498 | National Association of Realtors Political Action Committee: $24,677"
WA-04,WA,04,"MUCHLINSKI, BIRDIE JANE","NEWHOUSE, DAN",3356849.21,1204209.2700000005,2152639.9399999995,444.25,0,1203765.0200000005,2152639.9399999995,949319.169999999,95,"NATIONAL INTEREST ACTION INC: $1,706,121 | MWSA INC.: $491,326 | CLEARPATH ACTION FUND, INC.: $275,938"
MI-13,MI,13,"THANEDAR, SHRI",N/A,3331414.2199999997,1062682.26,2268731.96,1062682.26,2268731.96,0,0,-1206049.7,17,"BLUE WAVE ACTION D/B/A BWA: $2,321,272 | Protect Progress: $1,010,142"
FL-01,FL,01,N/A,"GAETZ, MATT",3280724.15,1129505.85,2151218.3,0,0,1129505.85,2151218.3,1021712.4499999997,54,"FLORIDA PATRIOTS PAC: $3,090,434 | Protect Freedom Political Action Committee: $190,000 | HOUSE FREEDOM FUND: $290"
AL-02,AL,02,"GRAY, JEREMY","DOBSON, CAROLEENE",3077603.5,2773606.7600000002,303996.74,2483562.0,279588.95,290044.76,24407.79,1938336.08,89,"Protect Progress: $2,632,109 | 1787 Fund: $120,291 | ALABAMA FAMILIES PAC: $75,570"
NV-04,NV,04,"HORSFORD, STEVEN ALEXZANDER","LEE, JOHN",3077235.240000001,2781084.8100000015,296150.42999999993,2679537.280000001,88130.32999999999,101547.53,208020.09999999998,2697879.5200000014,107,"Fairshake: $1,725,542 | WORKERS VOTE: $438,072 | American Federation of State County & Municipal Employees PEOPLE: $241,121"
TX-26,TX,26,N/A,"GILL, BRANDON",3045518.5700000003,918021.78,2127496.79,0,0,918021.78,2127496.79,1209475.01,61,"AMERICA LEADS ACTION INC.: $1,149,491 | CONSERVATIVES FOR AMERICAN EXCELLENCE INC.: $978,006 | CLUB FOR GROWTH ACTION: $491,385"
CA-49,CA,49,"LEVIN, MIKE","GUNDERSON, MATT",3034056.44,249329.04,2784727.4,243376.08000000002,142369.57,5952.96,2642357.83,2737411.3800000004,37,"HMP: $1,836,436 | LCV Victory Fund: $832,979 | CALIFORNIA COMEBACK FUND: $148,323"
CO-05,CO,05,"REAGAN, JOSEPH F","WILLIAMS, DAVID",2980775.4299999997,653796.0700000001,2326979.36,38905.6,0,614890.47,2326979.36,1750994.49,90,"AMERICA LEADS ACTION INC.: $1,452,918 | CONSERVATIVES FOR AMERICAN EXCELLENCE INC.: $835,259 | Americans for Prosperity Action, Inc. (AFP Action) DBA CVA Action and DBA LIBRE Action: $504,373"
CA-34,CA,34,"KIM, DAVID",N/A,2980060.6600000006,2387647.0200000005,592413.64,2387647.0200000005,592413.64,0,0,1795233.3800000004,30,"UNITED DEMOCRACY PROJECT (UDP): $2,300,443 | Protect Progress: $511,329 | BOLD America: $127,689"
TX-15,TX,15,"VALLEJO, MICHELLE","DE LA CRUZ, MONICA",2944303.5199999996,1011054.4600000002,1933249.0599999994,118959.35999999996,0,892095.1000000001,1933249.0599999994,1160113.3199999991,91,"HMP: $1,683,249 | Fairshake: $813,215 | Pro-Choice Majority 2024: $250,000"
WA-06,WA,06,"RANDALL, EMILY",N/A,2916560.0799999996,2916560.0799999996,0,2916560.0799999996,0,0,0,2916560.0799999996,46,"Protect Progress: $1,491,153 | Equality PAC: $908,463 | PENINSULA NEIGHBORS PAC: $398,875"
CO-03,CO,03,"FRISCH, ADAM","HURD, JEFFREY",2914696.17,2256250.05,658446.12,594582.41,3875.0,1661667.6400000001,654571.12,-416389.1100000001,183,"Americans for Prosperity Action, Inc. (AFP Action) DBA CVA Action and DBA LIBRE Action: $1,113,157 | ROCKY MOUNTAIN VALUES PAC: $494,103 | Project 218: $467,400"
CT-05,CT,05,"HAYES, JAHANA","LOGAN, GEORGE S",2804741.8800000004,1301495.0700000003,1503246.81,679954.63,77465.6,621540.4400000001,1425781.21,1406729.7999999998,90,"DCCC: $676,179 | HMP: $649,602 | Americans for Prosperity Action, Inc. (AFP Action) DBA CVA Action and DBA LIBRE Action: $526,246"
AL-01,AL,01,N/A,"MOORE, FELIX BARRY",2800009.2499999995,261168.97999999998,2538840.2699999996,0,0,261168.97999999998,2538840.2699999996,2277671.2899999996,81,"SOUTH ALABAMA CONSERVATIVES PAC: $1,008,234 | SCHOOL FREEDOM FUND: $835,455 | CONSERVATIVES FOR AMERICAN EXCELLENCE INC.: $652,621"
NC-06,NC,06,N/A,"CASTELLI, ROBERT CHRISTIAN",2788500.6699999995,663618.5899999999,2124882.0799999996,0,0,663618.5899999999,2124882.0799999996,1461263.4899999998,61,"CLUB FOR GROWTH ACTION: $1,205,710 | CONSERVATIVES FOR AMERICAN EXCELLENCE INC.: $892,235 | AWAKE CAROLINA: $474,538"
GA-03,GA,03,N/A,"DUGAN, MICHAEL",2715028.58,2565710.29,149318.29,0,0,2565710.29,149318.29,-2416392.0,64,"DEFEND AMERICAN JOBS: $1,308,412 | CONSERVATIVES FOR AMERICAN EXCELLENCE INC.: $581,672 | CLUB FOR GROWTH ACTION: $456,390"
NC-08,NC,08,N/A,"BRADFORD, JOHN R III",2618011.85,530839.55,2087172.3,0,0,530839.55,2087172.3,1556332.75,28,"AMERICA LEADS ACTION INC.: $1,829,252 | DEFEND AMERICAN JOBS: $530,840 | CONSERVATIVES FOR AMERICAN EXCELLENCE INC.: $175,870"
CA-40,CA,40,"KERR, JOSEPH","KIM, YOUNG",2535153.79,2517881.79,17272.0,187500.77000000002,17272.0,2330381.02,0,-2160152.25,48,"Fairshake: $1,813,799 | Americans for Prosperity Action, Inc. (AFP Action) DBA CVA Action and DBA LIBRE Action: $322,135 | Flip the 40th: $110,920"
OR-03,OR,03,"MORALES, EDUARDO",N/A,2507787.269999999,2506287.269999999,1500.0,2506287.269999999,1500.0,0,0,2504787.269999999,23,"314 Action Fund: $2,212,990 | THE IMPACT FUND: $158,740 | Equality Project PAC: $65,000"
NC-13,NC,13,"NICKEL, WILEY","VON CANON, FRED",2331669.1599999997,530359.02,1801310.1399999997,116161.0,0,414198.02,1801310.1399999997,1503273.1199999996,100,"The American Foundations Committee: $1,059,991 | CONSERVATIVE VOTERS ALLIANCE: $931,186 | Americans for Prosperity Action, Inc. (AFP Action) DBA CVA Action and DBA LIBRE Action: $196,030"
ND-00,ND,00,N/A,"FEDORCHAK, JULIE",2298580.8,607851.02,1690729.78,0,0,607851.02,1690729.78,1082878.76,80,"BRIGHTER FUTURE ALLIANCE: $643,385 | CONSERVATIVES FOR AMERICAN EXCELLENCE INC.: $618,175 | CLUB FOR GROWTH ACTION: $463,211"
SC-04,SC,04,N/A,"MORGAN, ADAM",2289812.6599999997,2265812.6599999997,24000.0,0,0,2265812.6599999997,24000.0,-2241812.6599999997,23,"DEFEND AMERICAN JOBS: $1,859,957 | American Principles Project PAC: $282,529 | National Association of Realtors Political Action Committee: $76,939"
IN-08,IN,08,N/A,"MESSMER, MARK MR.",2241221.99,2163536.99,77685.0,0,0,2163536.99,77685.0,-2085851.9900000002,53,"RJC Victory Fund: $954,925 | America's First Freedoms, Inc.: $541,881 | DEFEND AMERICAN JOBS: $504,020"
MN-02,MN,02,"CRAIG, ANGELA DAWN","TEIRAB, JOE",2183892.32,1513393.69,670498.63,1478375.55,5247.46,35018.14,665251.17,2103361.12,53,"Fairshake: $973,501 | HMP: $665,251 | Voter Protection Project: $284,052"
NV-00,NV,00,"ROSEN, JACKY",N/A,2118671.98,2112251.98,6420.0,2112251.98,6420.0,0,0,2105831.98,67,"EDF Action Votes: $901,597 | SEIU COPE (Service Employees International Union Committee On Political Education): $808,755 | United We Can: $351,848"
AZ-00,AZ,00,"GALLEGO, RUBEN","TOMA, BEN",2095343.6699999995,2004285.6699999995,91058.0,1754285.67,91058.0,250000.0,0,1413227.67,802,"Worker Power PAC: $1,151,320 | Worker Power: $528,477 | National Interest Action Inc: $250,000"
NH-02,NH,02,"GOODLANDER, MAGGIE","WILLIAMS, LILY TANG",1950985.2200000004,1394400.4800000004,556584.74,1168138.0299999998,556584.74,226262.45,0,385290.83999999985,42,"VoteVets: $913,937 | Women Vote: $391,622 | PRINCIPLED VETERANS FUND (PV FUND): $214,298"
FL-13,FL,13,"FOX, WHITNEY","PAULINA LUNA, ANNA",1931670.1600000001,1272826.8,658843.36,945999.0499999999,658843.36,326827.74999999994,0,-39672.05999999994,145,"WelcomePAC: $922,011 | WIN IT BACK PAC: $629,865 | HOUSE FREEDOM FUND: $229,383"
NV-03,NV,03,"ROSEN, JACKY","JOHNSON, DREW",1904263.1299999997,998375.2799999997,905887.85,649342.88,164661.72,349032.4,741226.13,876874.89,86,"DCCC: $527,274 | ALL FOR OUR COUNTRY: $262,369 | EARN INTERNATIONAL UNION OF OPERATING ENGINEERS: $250,000"
NJ-08,NJ,08,"MENENDEZ, ROBERT J.",N/A,1837025.3,871173.39,965851.91,871173.39,965851.91,0,0,-94678.52000000002,36,"CHC BOLD PAC: $485,900 | America's Promise: $382,086 | BOLD AMERICA: $355,905"
TX-32,TX,32,"JOHNSON, JULIE",N/A,1786305.51,1777527.0,8778.51,1777527.0,8778.51,0,0,1768748.49,59,"Protect Progress: $961,800 | Equality PAC: $489,829 | PRINCIPLED VETERANS FUND (PV FUND): $294,538"
IN-03,IN,03,N/A,"DAVIS, WENDY",1772308.13,1006636.55,765671.58,0,0,1006636.55,765671.58,-240964.9700000001,61,"WFW ACTION FUND INC: $864,585 | CLUB FOR GROWTH ACTION: $765,672 | HONEST HOOSIERS PAC: $122,900"
TX-12,TX,12,N/A,"GOLDMAN, CRAIG",1705200.75,1472590.38,232610.37,0,0,1472590.38,232610.37,-1239980.0099999998,45,"DEFEND AMERICAN JOBS: $725,091 | CONSERVATIVES FOR AMERICAN EXCELLENCE INC.: $723,170 | AMERICA LEADS ACTION INC.: $179,235"
RI-01,RI,01,"MATOS, SABINA","LEONARD, GERRY W JR",1626759.26,1545759.26,81000.0,1538159.26,81000.0,7600.0,0,1449559.26,57,"CHC BOLD PAC: $400,354 | WFP NATIONAL PAC: $400,000 | Women Vote!: $249,932"
IL-17,IL,17,"SORENSEN, ERIC","MCGRAW, JOE",1607409.6999999997,1350619.0999999999,256790.59999999998,940676.8300000001,86790.59999999999,409942.26999999996,170000.0,613943.9600000002,69,"Fairshake: $817,169 | Americans for Prosperity Action, Inc. (AFP Action) DBA CVA Action and DBA LIBRE Action: $491,378 | HMP: $170,000"
CA-09,CA,09,"HARDER, JOSH",N/A,1460468.7,82722.68000000002,1377746.02,82722.68000000002,1377746.02,0,0,-1295023.34,22,"NRCC: $1,377,746 | National Association of Realtors Political Action Committee: $81,397 | They See Blue: $1,325"
TN-05,TN,05,"ABOLFAZLI, MARYAM.","OGLES, ANDY",1402781.2699999998,1330217.5999999999,72563.67,0,2661.5,1330217.5999999999,69902.17,-1262976.93,66,"Conservatives With Character, Inc.: $937,448 | Americans for Prosperity Action, Inc. (AFP Action) DBA CVA Action and DBA LIBRE Action: $299,917 | HOUSE FREEDOM ACTION: $118,774"
PA-12,PA,12,"LEE, SUMMER",N/A,1390237.8900000001,1390237.8900000001,0,1390237.8900000001,0,0,0,1390237.8900000001,63,"THE MODERATE PAC, INC.: $612,074 | WFP NATIONAL PAC: $352,280 | Justice Democrats PAC: $160,000"
PA-17,PA,17,"DELUZIO, CHRISTOPHER","MERCURI, ROBERT W",1189552.1099999999,664165.9799999999,525386.13,330911.41,52337.259999999995,333254.57,473048.87,418368.45,242,"Americans for Prosperity Action, Inc. (AFP Action) DBA CVA Action and DBA LIBRE Action: $341,972 | HMP: $240,000 | VoteVets: $233,049"
OH-02,OH,02,N/A,"WILKIN, SHANE",1167636.4699999997,1128485.7199999997,39150.75,0,0,1128485.7199999997,39150.75,-1089334.9699999997,33,"First for America: $478,000 | ELECT PRINCIPLED VETERANS FUND (EPV FUND): $257,023 | BUCKEYES FOR VALUES: $242,304"
MD-06,MD,06,"DELANEY, APRIL MCCLAIN","PARROTT, NEIL",1127370.92,698089.25,429281.67,473320.23999999993,229281.66999999998,224769.01,200000.0,219269.56,60,"Equality PAC: $397,298 | HOUSE FREEDOM ACTION: $217,604 | Common Sense Common Ground PAC: $139,446"
SC-03,SC,03,N/A,"BISHOP, KEVIN",1126579.72,624527.33,502052.39,0,0,624527.33,502052.39,-122474.93999999994,46,"CONSERVATIVES FOR AMERICAN EXCELLENCE INC.: $370,585 | ELECT PRINCIPLED VETERANS FUND (EPV FUND): $313,565 | AMERICA LEADS ACTION INC.: $212,180"
WV-02,WV,02,N/A,"MOORE, RILEY",1104714.0100000002,1104714.0100000002,0,0,0,1104714.0100000002,0,-1104714.0100000002,27,"DEFEND AMERICAN JOBS: $726,377 | Americans for Prosperity Action, Inc. (AFP Action) DBA CVA Action and DBA LIBRE Action: $265,673 | CONSERVATIVES FOR AMERICAN EXCELLENCE INC.: $66,382"
WI-08,WI,08,"LYERLY, KRISTIN","WIED, TONY",1093627.7,340434.72,753192.98,52435.6,0,287999.11999999994,753192.98,517629.46,20,"SPEAK FREE OR DIE PAC: $1,028,980 | American College of OB-GYNs PAC (OB-GYN PAC): $51,917 | Keeping America Strong PAC: $6,621"
MI-03,MI,03,"SCHOLTEN, HILLARY","MARKEY, MICHAEL JAY MR. JR.",1081595.0499999998,657297.08,424297.97,207848.46000000005,33000.0,449448.62,391297.97,116697.81000000006,56,"WEST MICHIGAN FOR CHANGE: $788,747 | For Our Future: $188,608 | HMP: $85,000"
CA-20,CA,20,"WOOD, MARISA","FONG, VINCE",1049726.51,779375.9700000001,270350.54,0,99902.05,779375.9700000001,170448.49,-708829.5300000001,31,"CENTRAL VALLEY VALUES PAC: $1,027,427 | INTEGRITY LEADERSHIP FUND: $22,300"
WI-01,WI,01,"BARCA, PETER","STEIL, BRYAN GEORGE",1019768.9100000001,898965.0900000001,120803.82,34839.130000000005,996.42,864125.9600000001,119807.40000000001,-710475.8500000001,35,"Fairshake: $764,206 | HMP: $119,807 | Americans for Prosperity Action, Inc. (AFP Action) DBA CVA Action and DBA LIBRE Action: $61,600"
UT-02,UT,02,N/A,"MALOY, CELESTE",957062.97,896688.32,60374.65,0,0,896688.32,60374.65,-836313.6699999999,64,"Constitutional Conservatives Fund: $455,347 | EDF Action Votes: $156,950 | DUTY SERVICE HONOR: $119,450"
KY-04,KY,04,N/A,"MASSIE, THOMAS H.",881302.6100000001,561519.31,319783.3,0,0,561519.31,319783.3,-241736.01000000007,10,"Protect Freedom Political Action Committee: $558,571 | UNITED DEMOCRACY PROJECT (UDP): $319,783 | Gun Rights America: $2,948"
NC-10,NC,10,N/A,"HARRIGAN, PAT",829084.5999999999,829084.5999999999,0,0,0,829084.5999999999,0,-829084.5999999999,40,"Americans for Prosperity Action, Inc. (AFP Action) DBA CVA Action and DBA LIBRE Action: $327,966 | ELECT PRINCIPLED VETERANS FUND (EPV FUND): $264,642 | FAIRSHAKE: $126,626"
MN-05,MN,05,N/A,N/A,762536.3099999997,687596.3899999997,74939.92,0,0,0,0,0,101,"Minnesota Democratic-Farmer-Labor Party: $323,482 | TAKEACTION MN FEDERAL FUND: $174,866 | National Nurses United for Patient Protection: $122,375"
OR-04,OR,04,"HOYLE, VALERIE","DESPAIN, MONIQUE",675674.49,17615.170000000002,658059.32,17615.170000000002,452447.80000000005,0,205611.52,-229221.11000000004,27,"NRCC: $375,408 | HMP: $205,612 | A SAFER STRONGER OREGON PAC: $77,040"
OR-06,OR,06,"SALINAS, ANDREA","ERICKSON, MIKE",652366.94,42347.72,610019.22,42347.72,100783.6,0,509235.62,450799.74,21,"CHC BOLD PAC: $509,236 | OREGONIANS FOR TRUTH AND ACCOUNTABILITY PAC: $100,784 | National Association of Realtors Political Action Committee: $22,945"
IL-13,IL,13,"BUDZINSKI, NIKKI",N/A,635284.0,635284.0,0,635284.0,0,0,0,635284.0,5,"Fairshake: $582,374 | CENTER FORWARD COMMITTEE: $50,000 | DMFI PAC: $2,800"
NC-14,NC,14,"GENANT, PAMELA","MOORE, TIM",620005.05,620005.05,0,327.04999999999995,0,619678.0,0,-619350.95,11,"DEFEND AMERICAN JOBS: $506,553 | Americans for Prosperity Action, Inc. (AFP Action) DBA CVA Action and DBA LIBRE Action: $85,650 | GOPAC Election Fund: $27,475"
IN-05,IN,05,N/A,"SPARTZ, VICTORIA",618956.75,496456.74999999994,122500.0,0,0,496456.74999999994,122500.0,-373956.74999999994,33,"Americans for Prosperity Action, Inc. (AFP Action) DBA CVA Action and DBA LIBRE Action: $284,968 | BUILDING A STRONG AMERICA: $161,488 | PRINCIPLED LEADERS PAC: $75,000"
AZ-02,AZ,02,"NEZ, JONATHAN MICHAEL","VAN ORDEN, DERRICK F. MR.",618772.25,567615.21,51157.04,0,51157.04,567615.21,0,-618772.25,175,"HOUSE FREEDOM FUND: $272,819 | CLUB FOR GROWTH ACTION: $107,546 | HOUSE FREEDOM ACTION: $92,321"
PA-01,PA,01,"EHASZ, ASHLEY","FITZPATRICK, BRIAN",618351.27,346482.75,271868.52,12279.220000000001,0,334203.53,271868.52,-50055.79000000004,72,"Defending America PAC: $267,879 | CENTER FORWARD INITIATIVE INC: $119,500 | EDF Action Votes: $68,343"
KS-03,KS,03,"DAVIDS, SHARICE","REDDY, PRASANTH DR.",607377.9500000001,285237.55000000005,322140.4,195578.15,0,89659.4,322140.4,428059.15,15,"HMP: $322,140 | Shield PAC: $175,000 | AD ASTRA PAC: $79,659"
WA-08,WA,08,"SCHRIER, KIM DR.","CARMEN, GOERS",585349.46,210349.46,375000.0,210349.46,0,0,375000.0,585349.46,20,"HMP: $250,000 | Shield PAC: $175,000 | Pro-Choice Majority 2024: $125,000"
IL-07,IL,07,"COLLINS, KINA",N/A,543593.7499999999,49140.57,494453.17999999993,49140.57,494453.17999999993,0,0,-445312.6099999999,14,"UNITED DEMOCRACY PROJECT (UDP): $494,453 | National Association of Realtors Political Action Committee: $49,141"
FL-22,FL,22,"FRANKEL, LOIS J.","GUTMANN, ANDREW",525586.92,400086.92000000004,125500.0,42019.919999999984,106500.0,358067.0,19000.0,-403547.08,170,"SUNSHINE PAC: $358,067 | PROTECT AMERICA PAC: $106,500 | UNITED VETERANS ALLIANCE OF AMERICA PAC: $42,020"
NV-01,NV,01,"TITUS, DINA","ROBERTSON, MARK",506208.30999999994,505140.48999999993,1067.82,504145.48999999993,1065.72,995.0,2.1,502086.86999999994,61,"WORKERS VOTE: $433,036 | For Our Future: $23,237 | SEIU COPE (Service Employees International Union Committee On Political Education): $16,885"
KS-02,KS,02,"BOYDA, NANCY E","SCHMIDT, DEREK",498713.5,410654.79000000004,88058.70999999999,0,31875.0,410654.79000000004,56183.71,-386346.08,34,"Americans for Prosperity Action, Inc. (AFP Action) DBA CVA Action and DBA LIBRE Action: $276,815 | CONSERVATIVES FOR AMERICAN EXCELLENCE INC.: $90,967 | KANSAS CONSERVATIVE FUND: $56,184"
FL-25,FL,25,"WASSERMAN SCHULTZ, DEBBIE","EDDY, CHRISTOPHER",482951.74,420150.37,62801.37000000001,0,62801.37000000001,420150.37,0,-482951.74,79,"United for Common Sense: $442,275 | Citizens Against AIPAC Corruption: $40,676"
CA-30,CA,30,"SCHIFF, ADAM",N/A,478439.56000000006,471662.38000000006,6777.180000000001,471662.38000000006,6777.180000000001,0,0,464885.20000000007,71,"Fighting for Californians: $327,101 | CA PROGRESSIVE PAC: $107,000 | Democrats Serve: $30,000"
CA-03,CA,03,N/A,"KILEY, KEVIN",448571.3799999999,428571.3799999999,20000.0,0,0,428571.3799999999,20000.0,-408571.3799999999,28,"A STRONG INNOVATION ECONOMY REQUIRES STRONG IP PROTECTION: $241,521 | Americans for Prosperity Action, Inc. (AFP Action) DBA CVA Action and DBA LIBRE Action: $182,471 | Reproductive Freedom for All: $20,000"
DE-00,DE,00,"MCBRIDE, SARAH ELIZABETH",N/A,432573.59,432573.59,0,432573.59,0,0,0,432573.59,11,"Equality PAC: $319,661 | Protect Progress: $112,913"
NH-01,NH,01,"PAPPAS, CHRIS","PRESCOTT, RUSSELL",422011.98,421424.23,587.75,213005.42999999996,0,208418.8,587.75,5174.379999999976,365,"Equality PAC: $139,491 | Protect Freedom Political Action Committee: $135,929 | NEW HAMPSHIRE 1ST: $60,000"
NY-15,NY,15,"TORRES, RITCHIE JOHN",N/A,400365.9,400365.9,0,400365.9,0,0,0,400365.9,10,"Equality Project PAC: $227,134 | Protect Progress: $110,148 | FAIRSHAKE: $63,084"
FL-08,FL,08,N/A,N/A,396425.44,396425.44,0,0,0,0,0,0,10,"FIGHT FOR FLORIDA PAC: $296,428 | CONSERVATIVES FOR AMERICAN EXCELLENCE INC.: $99,998"
FL-12,FL,12,N/A,"BILIRAKIS, GUS M",356704.9399999999,356704.9399999999,0,0,0,356704.9399999999,0,-356704.9399999999,958,"VETERANS AID PAC: $248,563 | UNITED VETERANS ALLIANCE OF AMERICA PAC: $108,142"
IN-06,IN,06,N/A,"SHREVE, JEFFERSON",347038.8499999999,346612.1699999999,426.68,0,0,346612.1699999999,426.68,-346185.48999999993,27,"Americans for Prosperity Action, Inc. (AFP Action) DBA CVA Action and DBA LIBRE Action: $216,783 | BUILDING A STRONG AMERICA: $91,029 | HOOSIER CONSERVATIVE ACTION PAC: $38,800"
LA-06,LA,06,"FIELDS, CLEO","GRAVES, GARRET",342647.7800000002,342647.7800000002,0,300000.0,0,42647.779999999984,0,257352.22000000003,75,"LOUISIANA FAMILIES FIRST PAC: $300,000 | POLICE COALITION OF AMERICA PAC: $42,648"
CA-26,CA,26,"BROWNLEY, JULIA",N/A,329651.70999999973,329651.70999999973,0,329651.70999999973,0,0,0,329651.70999999973,990,"VETERANS AID PAC: $125,750 | AUTISM HEAR US NOW PAC: $70,297 | UNITED VETERANS ALLIANCE OF AMERICA PAC: $65,605"
CO-04,CO,04,"CALVARESE, TRISHA","BOEBERT, LAUREN",257929.62,20000.0,237929.62,1500.0,0,18500.0,237929.62,220929.62,6,"Defeat Boebert PAC: $228,025 | AMERICAN FREEDOM COALITION PAC: $18,500 | Democracy Wins: $9,905"
OK-00,OK,00,N/A,"BONDAR, PAUL L",250000.0,0,250000.0,0,0,0,250000.0,250000.0,1,"Americans 4 Security PAC: $250,000"
NJ-05,NJ,05,"GOTTHEIMER, JOSH","GUINCHARD, MARY JO-ANN",244461.36,244461.36,0,242791.0,0,1670.36,0,241120.64,5,"FAIRSHAKE: $122,688 | Protect Progress: $120,103 | NEW JERSEY RIGHT TO  LIFE COMMITTEE FEDERAL PAC: $1,670"
WA-05,WA,05,"WELDE, MATTHEW BRADY MR.","MAYCUMBER, JACQUELIN",226817.33000000002,226817.33000000002,0,62709.75,0,164107.58000000002,0,-101397.83000000002,18,"CONSERVATIVES FOR AMERICAN EXCELLENCE INC.: $82,772 | Keeping America Strong PAC: $71,336 | Project 218: $60,640"
PA-06,PA,06,"HOULAHAN, CHRISSY",N/A,219921.05,219921.05,0,219921.05,0,0,0,219921.05,5,"Shield PAC: $175,000 | WITH HONOR FUND II, INC.: $42,399 | DMFI PAC: $2,500"
MD-02,MD,02,"OLSZEWSKI, JOHN ANTHONY JR.",N/A,211511.9,211511.9,0,211511.9,0,0,0,211511.9,3,"Protect Progress: $209,387 | DMFI PAC: $2,125"
CA-18,CA,18,"LOFGREN, ZOE",N/A,197911.64,197911.64,0,197911.64,0,0,0,197911.64,6,"CENTRAL COAST VALUES PAC: $174,836 | RESOLUTE COURAGE PAC: $23,076"
OH-06,OH,06,N/A,"RULLI, MICHAEL",187333.27,43334.27,143999.0,0,0,43334.27,143999.0,100664.73000000001,12,"American Principles Project PAC: $143,999 | BUILDING A STRONG AMERICA: $35,964 | FREEDOM FOR ALL PAC: $3,339"
NJ-11,NJ,11,"SHERRILL, MIKIE",N/A,181748.0,181748.0,0,181748.0,0,0,0,181748.0,3,"Shield PAC: $175,000 | WITH HONOR FUND II, INC.: $6,748"
IN-01,IN,01,"MRVAN, FRANK J.",N/A,174519.88000000003,174519.88000000003,0,174519.88000000003,0,0,0,174519.88000000003,20,"HMP: $132,000 | National Association of Realtors Political Action Committee: $22,964 | Working America: $15,916"
GA-13,GA,13,"SCOTT, DAVID ALBERT",N/A,173761.88,173761.88,0,173761.88,0,0,0,173761.88,5,"Rolling Sea Action Fund: $100,000 | National Association of Realtors Political Action Committee: $73,762"
AR-03,AR,03,N/A,"WOMACK, STEPHEN A THE HON",171683.78,167562.25,4121.530000000001,0,0,167562.25,4121.530000000001,-163440.72,15,"ELECT PRINCIPLED VETERANS FUND (EPV FUND): $160,500 | CONSERVATIVES FOR ACTION PAC: $11,184"
VT-00,VT,00,"BALINT, REBECCA 'BECCA'",N/A,157319.1,157319.1,0,157319.1,0,0,0,157319.1,4,"Equality Project PAC: $157,319"
NJ-04,NJ,04,N/A,"SMITH, CHRISTOPHER H",156380.6300000002,156380.6300000002,0,0,0,156380.6300000002,0,-156380.6300000002,597,"AUTISM HEAR US NOW PAC: $130,994 | SUPPORT OUR FIREFIGHTERS AND PARAMEDICS PAC: $23,716 | NEW JERSEY RIGHT TO  LIFE COMMITTEE FEDERAL PAC: $1,670"
AR-02,AR,02,N/A,"HILL, JAMES FRENCH",156348.58000000002,156348.58000000002,0,0,0,156348.58000000002,0,-156348.58000000002,5,"DEFEND AMERICAN JOBS: $106,888 | CENTER FORWARD INITIATIVE INC: $49,461"
OH-01,OH,01,"LANDSMAN, GREG",N/A,151959.96000000002,122887.91,29072.050000000003,122887.91,29072.050000000003,0,0,93815.86,35,"Community Change Voters: $50,040 | OHIO CITIZEN ACTION: $30,000 | Americans for Prosperity Action, Inc. (AFP Action) DBA CVA Action and DBA LIBRE Action: $29,072"
OH-07,OH,07,N/A,"MILLER, MAX",151271.66,132021.66,19250.0,0,0,112771.65999999999,19250.0,-93521.65999999999,10,"JOBS & PROSPERITY PAC: $108,916 | MAHA ALLIANCE: $38,500 | NATIONAL RIGHT TO LIFE VICTORY FUND: $2,308"
NY-10,NY,10,"GOLDMAN, DANIEL",N/A,150853.0,150853.0,0,150853.0,0,0,0,150853.0,2,"Protect Progress: $150,853"
PA-16,PA,16,"LATIMER, GEORGE","KELLY, GEORGE J JR",149019.8,4019.8,145000.0,0,145000.0,4019.8,0,-149019.8,5,"WFP NATIONAL PAC: $145,000 | NATIONAL RIFLE ASSOCIATION OF AMERICA POLITICAL VICTORY FUND: $4,020"
NY-02,NY,02,N/A,"GARBARINO, ANDREW",143109.19,143109.19,0,0,0,143109.19,0,-143109.19,8,"National Association of Realtors Political Action Committee: $94,102 | CENTER FORWARD INITIATIVE INC: $49,007"
NE-01,NE,01,N/A,"FLOOD, MIKE",143040.78,143040.78,0,0,0,143040.78,0,-143040.78,6,"DEFEND AMERICAN JOBS: $126,740 | National Association of Realtors Political Action Committee: $13,014 | NATIONAL RIGHT TO LIFE VICTORY FUND: $3,286"
CA-39,CA,39,"TAKANO, MARK",N/A,141124.6,141124.6,0,141124.6,0,0,0,141124.6,3,"Equality Project PAC: $141,125"
IL-11,IL,11,"FOSTER, G. WILLIAM (BILL)",N/A,131256.35,103156.35,28100.0,103156.35,28100.0,0,0,75056.35,5,"Project 218: $62,305 | DMFI PAC: $40,851 | ADVANCE LIBERTY PAC: $28,100"
MI-04,MI,04,"SWARTZ, JESSICA","HUIZENGA, WILLIAM P",125585.69999999998,125585.69999999998,0,3207.2,0,122378.49999999999,0,-119171.29999999999,7,"DEFEND AMERICAN JOBS: $107,353 | National Association of Realtors Political Action Committee: $13,668 | Somos PAC: $3,207"
SD-00,SD,00,N/A,"JOHNSON, DUSTY",124736.28,124736.28,0,0,0,124736.28,0,-124736.28,2,"FAIRSHAKE: $124,736"
IL-12,IL,12,N/A,"BOST, MICHAEL",124728.20000000001,105087.82,19640.379999999997,0,0,105087.82,19640.379999999997,-85447.44,23,"ILLINOIS AGRICULTURAL ASSOCIATION ACTIVATOR POLITICAL INVOLVEMENT FUND (FED) 'ACTIVATOR'/'ILLINOIS FARM BUREAU ACTIVATOR': $64,136 | National Association of Realtors Political Action Committee: $40,952 | SOUTHERN ILLINOIS WORKING FAMILIES PAC: $19,640"
FL-21,FL,21,N/A,"MAST, BRIAN",121236.42999999986,121236.42999999986,0,0,0,121236.42999999986,0,-121236.42999999986,451,"AMERICAN VETERANS SUPPORT GROUP PAC: $61,132 | AMERICAN VETERANS INITIATIVE PAC: $60,104"
CA-50,CA,50,"PETERS, SCOTT",N/A,120951.04000000002,120951.04000000002,0,120951.04000000002,0,0,0,120951.04000000002,281,"VETERANS AID PAC: $120,951"
GA-06,GA,06,"MCBATH, LUCIA KAY MS.",N/A,119869.23,119869.23,0,119869.23,0,0,0,119869.23,10,"EVERYTOWN FOR GUN SAFETY VICTORY FUND (EVERYTOWN VICTORY FUND): $104,747 | National Association of Realtors Political Action Committee: $15,122"
MN-06,MN,06,N/A,"EMMER, THOMAS EARL JR.",119344.78,119344.78,0,0,0,118034.0,0,-118034.0,4,"FAIRSHAKE: $118,034 | AFSCME WORKING FAMILIES FUND: $1,311"
FL-05,FL,05,N/A,"RUTHERFORD, JOHN",114769.39000000001,114769.39000000001,0,0,0,114769.39000000001,0,-114769.39000000001,625,"SUPPORT AMERICA'S POLICE PAC: $61,690 | AMERICAN POLICE AND TROOPERS COALITION PAC: $25,291 | POLICE AND TROOPER SUPPORT PAC: $21,388"
CO-07,CO,07,"PETTERSEN, BRITTANY LOUISE",N/A,112640.0,112640.0,0,112640.0,0,0,0,112640.0,8,"FAIRSHAKE: $88,256 | National Association of Realtors Political Action Committee: $24,384"
CA-17,CA,17,"KHANNA, ROHIT",N/A,108545.79000000001,108545.79000000001,0,108545.79000000001,0,0,0,108545.79000000001,2,"Protect Progress: $108,546"
KY-06,KY,06,N/A,"BARR, GARLAND ANDY",106708.0,106708.0,0,0,0,106708.0,0,-106708.0,2,"DEFEND AMERICAN JOBS: $106,708"
CA-00,CA,00,"GRAY, ADAM C.","KIM, YOUNG",102900.0,102900.0,0,91400.0,0,11500.0,0,79900.0,3,"NEIGHBORS FOR RESULTS: $91,000 | CARE ACTION: $11,500 | They See Blue: $400"
UT-00,UT,00,N/A,"CURTIS, JOHN",101312.5,101312.5,0,0,0,101312.5,0,-101312.5,2,"EDF Action Votes: $101,312"
TX-06,TX,06,N/A,"ELLZEY, JOHN KEVIN SR.",101086.04,101086.04,0,0,0,101086.04,0,-101086.04,3,"ELECT PRINCIPLED VETERANS FUND (EPV FUND): $100,000 | NATIONAL RIFLE ASSOCIATION OF AMERICA POLITICAL VICTORY FUND: $1,086"
IL-14,IL,14,"UNDERWOOD, LAUREN",N/A,100850.0,100850.0,0,100850.0,0,0,0,100850.0,6,"American Association of Nurse Anesthetists Separate Segregated Fund (CRNA-PAC): $100,850"
NY-14,NY,14,"OCASIO-CORTEZ, ALEXANDRIA",N/A,96583.22,40700.0,55883.22,40700.0,55883.22,0,0,-15183.220000000001,13,"Keep America America Action Fund: $81,423 | WE DECIDE: $11,752 | JERSEY REAL: $3,408"
PA-00,PA,00,"STELSON, JANELLE",N/A,89750.0,89750.0,0,89750.0,0,0,0,89750.0,4,"SOLIDARITY VICTORY PAC: $89,750"
TX-24,TX,24,N/A,"VAN DUYNE, ELIZABETH ANN",89658.55,16918.55,72740.0,0,0,16918.55,72740.0,55821.45,5,"Stand Up PAC: $72,740 | National Association of Realtors Political Action Committee: $15,767 | NATIONAL RIFLE ASSOCIATION OF AMERICA POLITICAL VICTORY FUND: $1,152"
IA-02,IA,02,N/A,"ARENHOLZ, ASHLEY HINSON",87675.0,87675.0,0,0,0,87675.0,0,-87675.0,5,"CLEARPATH ACTION FUND, INC.: $50,375 | Americans for Prosperity Action, Inc. (AFP Action) DBA CVA Action and DBA LIBRE Action: $37,300"
NJ-09,NJ,09,"PASCRELL, WILLIAM J. JR.","PREMPEH, WILLIAM SREBOE",81180.89,81180.89,0,79510.53,0,1670.36,0,77840.17,11,"National Association of Realtors Political Action Committee: $61,322 | Committee To Build The Economy: $18,188 | NEW JERSEY RIGHT TO  LIFE COMMITTEE FEDERAL PAC: $1,670"
MI-01,MI,01,"BARR, CALLIE","BERGMAN, JOHN",79488.68,79488.68,0,12000.0,0,67488.68,0,-55488.67999999999,5,"SPECIAL OPERATIONS FOR AMERICA: $65,000 | THE FIGHT FOR MICHIGAN 1 PAC: $12,000 | NATIONAL RIFLE ASSOCIATION OF AMERICA POLITICAL VICTORY FUND: $2,489"
MI-00,MI,00,"SLOTKIN, ELISSA",N/A,77460.75,76122.78,1337.97,76122.78,1337.97,0,0,74784.81,6,"MI Planned Parenthood Votes: $63,587 | Michigan Peoples Choice: $12,536 | Arab American Political Action Committee: $1,338"
IA-04,IA,04,N/A,"FEENSTRA, RANDALL",77055.58,76832.84,222.74,0,0,76832.84,222.74,-76610.09999999999,7,"National Association of Realtors Political Action Committee: $66,790 | National Wildlife Federation Action Fund: $9,820 | Gun Rights America: $445"
ID-02,ID,02,N/A,"SIMPSON, MICHAEL",75600.0,75600.0,0,0,0,75600.0,0,-75600.0,3,"CLEARPATH ACTION FUND, INC.: $75,600"
TX-18,TX,18,"LEE, SHEILA JACKSON",N/A,74350.11000000002,74350.11000000002,0,74350.11000000002,0,0,0,74350.11000000002,8,"Texas Organizing Project PAC: $40,850 | PEOPLE WHO LOVE AMERICA: $33,500"
NY-26,NY,26,"KENNEDY, TIMOTHY",N/A,68984.68,68984.68,0,68984.68,0,0,0,68984.68,2,"Protect Progress: $68,985"
AL-07,AL,07,"SEWELL, TERRI A.",N/A,67656.91999999995,67656.91999999995,0,67656.91999999995,0,0,0,67656.91999999995,185,"AUTISM HEAR US NOW PAC: $67,657"
MN-08,MN,08,N/A,N/A,67347.57,67347.57,0,0,0,0,0,0,15,"Project 218: $47,856 | Minnesota Democratic-Farmer-Labor Party: $15,645 | Indivisible Project Inc.: $2,536"
OH-14,OH,14,N/A,"JOYCE, DAVID P.",65788.01999999999,65788.01999999999,0,0,0,65788.01999999999,0,-65788.01999999999,4,"CENTER FORWARD COMMITTEE: $31,740 | CENTER FORWARD INITIATIVE INC: $31,740 | NATIONAL RIGHT TO LIFE VICTORY FUND: $2,308"
IL-06,IL,06,"CASTEN, SEAN",N/A,64522.54,64522.54,0,64522.54,0,0,0,64522.54,1,"Project 218: $64,523"
NY-13,NY,13,"ESPAILLAT, ADRIANO",N/A,58669.5,58669.5,0,58669.5,0,0,0,58669.5,2,"WE ACT 4 CHANGE: $29,335 | WE ACT 4 Change: $29,335"
WI-05,WI,05,"STEINHOFF, BEN","FITZGERALD, SCOTT",56071.979999999996,56071.979999999996,0,14200.21,0,41871.77,0,-27671.559999999998,8,"LAW ENFORCEMENT FOR A SAFER AMERICA PAC: $24,000 | VOCES DE LA FRONTERA ACTION: $14,200 | HONORING AMERICAN LAW ENFORCEMENT PAC: $12,000"
TX-22,TX,22,N/A,"NEHLS, TROY",52227.98,52227.98,0,0,0,52227.98,0,-52227.98,4,"CONSTITUTIONAL LEADERSHIP PAC: $51,000 | NATIONAL RIFLE ASSOCIATION OF AMERICA POLITICAL VICTORY FUND: $1,228"
MN-01,MN,01,N/A,N/A,51714.59,51714.59,0,0,0,0,0,0,5,"Project 218: $42,554 | Minnesota Democratic-Farmer-Labor Party: $7,850 | AFSCME WORKING FAMILIES FUND: $1,311"
GA-10,GA,10,N/A,"JONES, VERNON",51416.84,51416.84,0,0,0,51416.84,0,-51416.84,2,"PATRIOTS PAC LLC: $51,417"
NM-01,NM,01,"STANSBURY, MELANIE",N/A,50569.82,50569.82,0,50569.82,0,0,0,50569.82,1,"Project 218: $50,570"
OK-03,OK,03,N/A,"LUCAS, FRANK D.",49853.96000000001,49853.96000000001,0,0,0,49853.96000000001,0,-49853.96000000001,4,"CLEARPATH ACTION FUND, INC.: $49,854"
NY-05,NY,05,"MEEKS, GREGORY W.",N/A,46160.0,46160.0,0,46160.0,0,0,0,46160.0,2,"FAIRSHAKE: $46,160"
CA-24,CA,24,"CARBAJAL, SALUD O.",N/A,45523.44,45523.44,0,45523.44,0,0,0,45523.44,153,"SUPPORT OUR FIREFIGHTERS AND PARAMEDICS PAC: $36,142 | WITH HONOR FUND II, INC.: $9,381"
AZ-04,AZ,04,"STANTON, GREG","LEE, JOHN",45358.0,45358.0,0,1608.0,0,43750.0,0,-42142.0,3,"ADVANCE LIBERTY PAC: $35,000 | AMERICAN JOBS AND GROWTH PAC: $8,750 | DMFI PAC: $1,608"
CT-02,CT,02,N/A,"FRANCE, MIKE",45000.0,45000.0,0,0,0,45000.0,0,-45000.0,2,"SEAL PAC USA: $45,000"
FL-15,FL,15,N/A,"LEE, LAUREL",43885.65,43885.65,0,0,0,43885.65,0,-43885.65,3,"National Association of Realtors Political Action Committee: $43,886"
TX-10,TX,10,N/A,"MCCAUL, MICHAEL",42458.30000000001,42458.30000000001,0,0,0,42458.30000000001,0,-42458.30000000001,494,"FIREFIGHTERS COALITION OF AMERICA PAC: $41,015 | NATIONAL RIFLE ASSOCIATION OF AMERICA POLITICAL VICTORY FUND: $1,443"
VA-04,VA,04,"MCCLELLAN, JENNIFER","BENJAMIN, LEON MR. SR.",41143.84,41143.84,0,27927.84,0,13216.0,0,14711.84,13,"LCV Victory Fund: $22,262 | ELBERT GUILLORY'S AMERICA: $13,216 | DMFI PAC: $3,000"
IL-10,IL,10,"SCHNEIDER, BRADLEY S.","CARRIS, JIM",38853.58,11814.24,27039.34,0,27039.34,11814.24,0,-38853.58,8,"THE FREEDOM FORWARD FUND: $38,854"
MS-00,MS,00,N/A,"EZELL, WALTER MICHAEL",38500.0,38500.0,0,0,0,38500.0,0,-38500.0,1,"CONSTITUTIONAL LEADERSHIP PAC: $38,500"
VA-08,VA,08,"BEYER, DONALD STERNOFF JR.","TORRES, JERRY",37640.0,37640.0,0,140.0,0,37500.0,0,-37360.0,2,"Citizens for Virginia: $37,500 | Democratic Asian Americans of Virginia: $140"
MS-04,MS,04,N/A,"EZELL, WALTER MICHAEL",37000.0,37000.0,0,0,0,37000.0,0,-37000.0,2,"CONSTITUTIONAL LEADERSHIP PAC: $37,000"
WV-00,WV,00,N/A,"MOONEY, ALEXANDER XAVIER",36087.34000000001,36087.34000000001,0,0,0,36087.34000000001,0,-36087.34000000001,15,"CLUB FOR GROWTH PAC: $26,559 | PRO-LIFE PAC: $9,528"
GA-07,GA,07,N/A,"MCCORMICK, RICHARD DEAN DR.",35838.0,35838.0,0,0,0,35838.0,0,-35838.0,2,"WITH HONOR FUND II, INC.: $35,838"
WV-01,WV,01,N/A,"MILLER, CAROL DEVINE",33273.12,33273.12,0,0,0,33273.12,0,-33273.12,6,"DEFEATING COMMUNISM PAC: $20,000 | National Association of Realtors Political Action Committee: $11,637 | NATIONAL RIFLE ASSOCIATION OF AMERICA POLITICAL VICTORY FUND: $1,636"
VA-11,VA,11,"CONNOLLY, GERALD EDWARD",N/A,30743.960000000003,30743.960000000003,0,30743.960000000003,0,0,0,30743.960000000003,137,"SUPPORT OUR FIREFIGHTERS AND PARAMEDICS PAC: $30,604 | Democratic Asian Americans of Virginia: $140"
NJ-00,NJ,00,"EHASZ, ASHLEY","KEAN, THOMAS H. JR.",30497.35,30497.35,0,17947.76,0,12549.59,0,5398.169999999998,2,"MAKE THE ROAD ACTION INDEPENDENT EXPENDITURE COMMITTEE: $17,948 | JERSEY REAL: $12,550"
WI-07,WI,07,"KILBOURN, KYLE","TIFFANY, TOM",28732.630000000005,28732.630000000005,0,22413.420000000006,0,6319.209999999999,0,16094.210000000006,177,"VOCES DE LA FRONTERA ACTION: $14,200 | TAKEACTION MN FEDERAL FUND: $8,213 | NATIONAL RIGHT TO LIFE VICTORY FUND: $4,143"
-03,,03,"SUOZZI, THOMAS","PILIP, MAZI MELESA",27717.0,21924.0,5793.0,21924.0,0,0,5793.0,27717.0,2,"AFSCME WORKING FAMILIES FUND: $27,717"
CO-06,CO,06,"CROW, JASON","FABBRICATORE, JOHN",26269.08,26269.08,0,11319.08,0,14950.0,0,-3630.92,3,"INSPIRE COLORADO: $14,950 | WITH HONOR FUND II, INC.: $11,319"
TX-07,TX,07,"FLETCHER, ELIZABETH",N/A,23717.08,23717.08,0,23717.08,0,0,0,23717.08,5,"National Association of Realtors Political Action Committee: $20,705 | DMFI PAC: $2,990 | United Steelworkers Political Action Fund: $22"
MA-07,MA,07,"PRESSLEY, AYANNA",N/A,23504.0,0,23504.0,0,23504.0,0,0,-23504.0,4,"WE DECIDE: $23,504"
MO-02,MO,02,N/A,"WAGNER, ANN L.",23216.5,23216.5,0,0,0,23216.5,0,-23216.5,1,"Heartland Resurgence: $23,216"
GA-00,GA,00,"BUTLER, DARRIUS MAURICE",N/A,22719.64,22719.64,0,22719.64,0,0,0,22719.64,2,"CIVIC EMPOWERMENT COALITION: $11,360 | Civic Empowerment Coalition: $11,360"
IN-00,IN,00,N/A,"BANKS, JAMES E HON.",21081.510000000002,21081.510000000002,0,0,0,21081.510000000002,0,-21081.510000000002,5,"CLUB FOR GROWTH PAC: $21,082"
CA-38,CA,38,N/A,"CHING, ERIC J",20000.0,20000.0,0,0,0,20000.0,0,-20000.0,2,"America Upheld: $20,000"
OR-02,OR,02,"MORALES, EDUARDO",N/A,20000.0,20000.0,0,20000.0,0,0,0,20000.0,1,"Blue Horizon: $20,000"
TX-31,TX,31,N/A,"CARTER, JOHN R REP.",19681.72,19681.72,0,0,0,19681.72,0,-19681.72,4,"National Association of Realtors Political Action Committee: $18,150 | NATIONAL RIFLE ASSOCIATION OF AMERICA POLITICAL VICTORY FUND: $1,532"
IL-16,IL,16,"LATIMER, GEORGE","LAHOOD, DARIN MCKAY",19556.17,19556.17,0,460.0,0,19096.17,0,-18636.17,23,"ILLINOIS AGRICULTURAL ASSOCIATION ACTIVATOR POLITICAL INVOLVEMENT FUND (FED) 'ACTIVATOR'/'ILLINOIS FARM BUREAU ACTIVATOR': $19,096 | Wake Up Enterprises: $460"
PA-03,PA,03,"EVANS, DWIGHT",N/A,19318.129999999997,19318.129999999997,0,19318.129999999997,0,0,0,19318.129999999997,3,"Reproductive Freedom For All Freedom Fund: $19,318"
LA-07,LA,07,"ALTMAN, SUSAN COPIUS",N/A,19281.67,19281.67,0,19281.67,0,0,0,19281.67,1,"Working New Jersey: $19,282"
TX-28,TX,28,N/A,"FURMAN, JAY COMMANDER",18334.91,18334.91,0,0,0,18334.91,0,-18334.91,2,"GOA VICTORY FUND: $18,335"
IL-15,IL,15,N/A,"MILLER, MARY",18208.12,18208.12,0,0,0,18208.12,0,-18208.12,2,"ILLINOIS AGRICULTURAL ASSOCIATION ACTIVATOR POLITICAL INVOLVEMENT FUND (FED) 'ACTIVATOR'/'ILLINOIS FARM BUREAU ACTIVATOR': $18,208"
NV-02,NV,02,N/A,"AMODEI, MARK EUGENE",18038.75,1949.51,16089.240000000002,0,0,1949.51,16089.240000000002,14139.730000000001,9,"For Our Future: $16,089 | NATIONAL RIFLE ASSOCIATION OF AMERICA POLITICAL VICTORY FUND: $1,950"
CA-25,CA,25,N/A,"GARCIA, MICHAEL",16500.0,0,16500.0,0,0,0,16500.0,16500.0,1,"SEIU COPE (Service Employees International Union Committee On Political Education): $16,500"
CA-21,CA,21,N/A,"VALADAO, DAVID",16500.0,0,16500.0,0,0,0,16500.0,16500.0,1,"SEIU COPE (Service Employees International Union Committee On Political Education): $16,500"
MI-12,MI,12,"TLAIB, RASHIDA",N/A,16297.17,4545.17,11752.0,4545.17,11752.0,0,0,-7206.83,4,"WE DECIDE: $11,752 | Somos PAC: $3,207 | Arab American Political Action Committee: $1,338"
FL-09,FL,09,"SOTO, DARREN",N/A,15625.0,15625.0,0,15625.0,0,0,0,15625.0,2,"Latino Victory Fund: $15,625"
TX-19,TX,19,N/A,"ARRINGTON, JODEY",15519.5,15519.5,0,0,0,15519.5,0,-15519.5,4,"National Association of Realtors Political Action Committee: $14,301 | NATIONAL RIFLE ASSOCIATION OF AMERICA POLITICAL VICTORY FUND: $1,219"
NE-03,NE,03,N/A,"SMITH, ADRIAN",15480.07,15480.07,0,0,0,15480.07,0,-15480.07,4,"National Association of Realtors Political Action Committee: $12,194 | NATIONAL RIGHT TO LIFE VICTORY FUND: $3,286"
UT-03,UT,03,N/A,"KENNEDY, MIKE",15313.92,15313.92,0,0,0,15313.92,0,-15313.92,4,"All in for Utah: $9,792 | Constitutional Conservatives Fund: $5,498 | Gun Rights America: $24"
CA-04,CA,04,"THOMPSON, MIKE MR.",N/A,14935.84,14935.84,0,14935.84,0,0,0,14935.84,2,"WITH HONOR FUND II, INC.: $14,936"
MN-04,MN,04,"MCCOLLUM, BETTY",N/A,14862.59,14862.59,0,14862.59,0,0,0,14862.59,10,"Planned Parenthood of Minnesota Political Action Fund: $13,552 | AFSCME WORKING FAMILIES FUND: $1,311"
CA-19,CA,19,"PANETTA, JIMMY",N/A,14487.65,14487.65,0,14487.65,0,0,0,14487.65,2,"WITH HONOR FUND II, INC.: $14,488"
MA-04,MA,04,"AUCHINCLOSS, JAKE",N/A,14279.72,14279.72,0,14279.72,0,0,0,14279.72,2,"WITH HONOR FUND II, INC.: $14,280"
FL-19,FL,19,N/A,"DONALDS, BYRON",14024.0,24.0,14000.0,0,0,24.0,14000.0,13976.0,2,"MUST WIN. CAN WIN.: $14,000 | Gun Rights America: $24"
MN-07,MN,07,N/A,"FISCHBACH, MICHELLE",13556.78,13556.78,0,0,0,13556.78,0,-13556.78,2,"National Association of Realtors Political Action Committee: $13,557"
NC-11,NC,11,N/A,"EDWARDS, CHUCK",13363.21,13363.21,0,0,0,13363.21,0,-13363.21,2,"National Association of Realtors Political Action Committee: $13,363"
FL-11,FL,11,N/A,"WEBSTER, DANIEL",13007.5,13007.5,0,0,0,13007.5,0,-13007.5,2,"National Association of Realtors Political Action Committee: $13,008"
FL-10,FL,10,"FROST, MAXWELL ALEJANDRO",N/A,13000.0,13000.0,0,13000.0,0,0,0,13000.0,1,"Latino Victory Fund: $13,000"
MA-06,MA,06,"MOULTON, SETH",N/A,12967.24,12967.24,0,12967.24,0,0,0,12967.24,2,"WITH HONOR FUND II, INC.: $12,967"
TX-21,TX,21,N/A,"ROY, CHIP",12079.94,12079.94,0,0,0,12079.94,0,-12079.94,4,"Protect Freedom Political Action Committee: $10,000 | NATIONAL RIFLE ASSOCIATION OF AMERICA POLITICAL VICTORY FUND: $2,056 | Gun Rights America: $24"
LA-04,LA,04,N/A,"JOHNSON, JAMES MICHAEL",11500.0,0,11500.0,0,0,0,11500.0,11500.0,4,"Reproductive Freedom For All Freedom Fund: $10,000 | BLUEWAVEAMERICA: $1,500"
-40,,40,N/A,"KIM, YOUNG",11500.0,11500.0,0,0,0,11500.0,0,-11500.0,1,"CARE ACTION: $11,500"
OR-01,OR,01,"BONAMICI, SUZANNE MS.",N/A,11485.0,11485.0,0,11485.0,0,0,0,11485.0,3,"National Association of Realtors Political Action Committee: $11,485"
PA-13,PA,13,N/A,"JOYCE, JOHN",10557.9,10557.9,0,0,0,10557.9,0,-10557.9,5,"NATIONAL RIFLE ASSOCIATION OF AMERICA POLITICAL VICTORY FUND: $5,558 | HEALTHCARE FREEDOM SUPER PAC: $5,000"
WY-00,WY,00,N/A,"HAGEMAN, HARRIET",10024.0,10024.0,0,0,0,10024.0,0,-10024.0,2,"Protect Freedom Political Action Committee: $10,000 | Gun Rights America: $24"
